SELECT Wall 1,SELECT Wall 2,SELECT Corner 1,SELECT Wall 3,SELECT Corner 2
SELECT Wall 1,SELECT Wall 2,SELECT Wall 3,SELECT Corner 1,SELECT Corner 2
SELECT Wall 1,SELECT Corner 1,SELECT Wall 2,SELECT Wall 3,SELECT Corner 2
SELECT Wall 1,SELECT Corner 1,SELECT Wall 3,SELECT Wall 2,SELECT Corner 2
SELECT Wall 1,SELECT Wall 3,SELECT Wall 2,SELECT Corner 1,SELECT Corner 2
SELECT Wall 1,SELECT Wall 3,SELECT Corner 1,SELECT Wall 2,SELECT Corner 2
SELECT Wall 2,SELECT Wall 1,SELECT Corner 1,SELECT Wall 3,SELECT Corner 2
SELECT Wall 2,SELECT Wall 1,SELECT Wall 3,SELECT Corner 1,SELECT Corner 2
SELECT Wall 2,SELECT Corner 1,SELECT Wall 1,SELECT Wall 3,SELECT Corner 2
SELECT Wall 2,SELECT Corner 1,SELECT Wall 3,SELECT Wall 1,SELECT Corner 2
SELECT Wall 2,SELECT Wall 3,SELECT Wall 1,SELECT Corner 1,SELECT Corner 2
SELECT Wall 2,SELECT Wall 3,SELECT Corner 1,SELECT Wall 1,SELECT Corner 2
SELECT Wall 3,SELECT Wall 1,SELECT Wall 2,SELECT Corner 1,SELECT Corner 2
SELECT Wall 3,SELECT Wall 1,SELECT Corner 1,SELECT Wall 2,SELECT Corner 2
SELECT Wall 3,SELECT Wall 2,SELECT Wall 1,SELECT Corner 1,SELECT Corner 2
SELECT Wall 3,SELECT Wall 2,SELECT Corner 1,SELECT Wall 1,SELECT Corner 2
SELECT Wall 3,SELECT Corner 1,SELECT Wall 1,SELECT Wall 2,SELECT Corner 2
SELECT Wall 3,SELECT Corner 1,SELECT Wall 2,SELECT Wall 1,SELECT Corner 2